weekends,trades,total_pct,mean_bp,median_bp,win,sharpe_ann,sortino_ann,maxDD_pct,worst_bp,best_bp,VaR95_bp,CVaR95_bp,dropped
4,,3.11,76.9,70.0,1.0,9.4,,0.0,15.2,152.6,20.4,15.2,SPY
4,,4.28,105.6,89.7,1.0,7.76,,0.0,15.2,228.0,18.7,15.2,META
3,,2.96,97.7,90.1,1.0,13.65,,0.0,50.2,152.6,54.2,50.2,NFLX
4,,3.08,76.2,68.5,1.0,9.24,,0.0,15.2,152.6,20.0,15.2,AAPL
4,,1.67,41.6,30.6,1.0,9.04,,0.0,15.2,90.1,17.0,15.2,HOOD
4,,2.96,73.5,41.3,1.0,6.41,,0.0,15.2,196.0,18.8,15.2,COIN
4,,3.01,74.4,65.0,1.0,8.84,,0.0,15.2,152.6,18.9,15.2,TSLA
4,,3.07,76.1,68.2,1.0,9.2,,0.0,15.2,152.6,19.9,15.2,QQQ
4,,3.04,75.2,66.4,1.0,9.01,,0.0,15.2,152.6,19.3,15.2,RDDT
